id;matricule;nom_prenom;email;user_id
1;instruction Canada;Sleek hack Consultant;Nick.Pouros82@hotmail.com;79423
2;Missouri;Wyoming niches;Rupert14@yahoo.com;40634
3;transmitting;leading-edge paradigms Orchestrator;Sonny_Lebsack@hotmail.com;92009
4;Virtual Distributed Swedish;Chips Expressway;Gerhard.Sanford23@hotmail.com;29425
5;Strategist;enable tan;Mandy.Roob@gmail.com;7208
6;vortals;Fresh;Lonnie_Hahn@yahoo.com;1514
7;Auto Ports Borders;Cotton leading-edge Cambridgeshire;Chester.Metz@gmail.com;30759
8;blue Guarani;Table Planner;Viola37@hotmail.com;36376
9;navigating Up-sized;engage evolve Tanzanian;Coby_Rolfson81@hotmail.com;42688
10;optimize Electronics;Jewelery Practical Pants;Antonia88@gmail.com;659
