id;date_transaction;date_fin;login_user;transaction;transaction_reference;data_object
1;2026-05-21T15:18:16;2026-05-22T06:13:02;alarm Functionality Unbranded;synthesize Lead Alabama;protocol;Home panel compressing
2;2026-05-21T10:48:19;2026-05-21T13:00:08;Specialist Corporate Plastic;Implementation generate;copy proactive;embrace
3;2026-05-22T05:52:29;2026-05-21T20:05:21;withdrawal customized;index multi-byte;upward-trending Peso;Corporate
4;2026-05-21T14:24:23;2026-05-21T23:38:00;next Frozen firewall;Chair EXE Turkmenistan;Music override;deliverables tan Cheese
5;2026-05-21T13:12:50;2026-05-21T08:50:16;Account;redundant Automotive Right-sized;IB lavender EXE;Borders
6;2026-05-22T02:37:25;2026-05-21T10:34:21;SCSI Arizona Computers;payment National;application;Outdoors
7;2026-05-22T00:44:08;2026-05-21T16:29:14;Dobra Utah;Wooden disintermediate;whiteboard Account;haptic Pants Borders
8;2026-05-21T20:29:08;2026-05-21T17:27:07;program;bricks-and-clicks Coordinator haptic;secured Berkshire;Rubber interface
9;2026-05-21T12:04:50;2026-05-22T03:44:19;administration connecting Tools;programming;deposit;ADP bifurcated
10;2026-05-22T06:19:27;2026-05-21T18:23:34;synthesize Salad content-based;Fantastic Account;Crest Paradigm;bypass generation
